order_id,customer_name,city,order_date,quantity,amount,email,currency
1,Customer 0,Hyderabad,2024-01-01,9,1559.62,user0@example.com,INR
2,Customer 1,Chennai,2024-01-01,4,2483.98,user1@example.com,INR
3,Customer 2,Chennai,2024-01-01,3,2798.09,,INR
4,Customer 3,Hyderabad,2024-01-02,8,3113.82,user3@example.com,INR
5,Customer 4,Delhi,2024-01-02,900,2414.96,user4@example.com,INR
6,Customer 5,Chennai,2024-01-02,8,3128.71,user5@example.com,INR
7,Customer 6,Hyderabad,2024-01-03,2,2510.78,user6@example.com,INR
8,Customer 7,Mumbai,2024-01-03,5,2444.03,user7@example.com,INR
9,Customer 8,Bengaluru,2024-01-03,8,N/A,user8@example.com,INR
10,Customer 9  ,Mumbai,2024-01-04,7,3135.04,N/A,INR
11,Customer 10,Mumbai,2024-01-04,7,2295.14,user10@example.com,INR
12,Customer 11,Hyderabad,2024-01-04,5,2353.74,user11@example.com,INR
13,Customer 12,Hyderabad,2024-01-05,8,2403.5,user12@example.com,INR
14,Customer 13,bangalore,2024-01-05,4,2549.66,user13@example.com,INR
15,Customer 14,Delhi,2024-01-05,6,1959.76,,INR
16,Customer 15,Hyderabad,2024-01-06,5,3116.8,user15@example.com,INR
17,Customer 16,Bengaluru,2024-01-06,3,2259.75,user16@example.com,INR
18,Customer 17,Chennai,2024-01-06,2,2777.47,user17@example.com,INR
19,Customer 18,Bengaluru,2024-01-07,5,2004.72,user18@example.com,INR
20,Customer 19,Bengaluru ,2024-01-07,3,2715.28,user19@example.com,INR
21,Customer 20,Bengaluru ,2024-01-07,5,2734.96,user20@example.com,INR
22,Customer 21,Mumbai,31/02/2024,7,2247.59,user21@example.com,INR
23,Customer 22,Mumbai,2024-01-08,8,3712.53,user22@example.com,INR
24,Customer 23,Mumbai,2024-01-08,900,2722.62,user23@example.com,INR
25,Customer 24,Chennai,2024-01-09,5,3566.16,,INR
26,Customer 25,Mumbai,2024-01-09,1,3075.48,user25@example.com,INR
27,Customer 26,Hyderabad,2024-01-09,2,2102.64,user26@example.com,INR
28,Customer 27,Delhi,2024-01-10,7,2270.69,user27@example.com,INR
29,Customer 28,Delhi,2024-01-10,6,2761.66,N/A,INR
30,Customer 29,Delhi,2024-01-10,8,2536.7,user29@example.com,INR
31,Customer 30,Delhi,2024-01-11,5,2529.68,user30@example.com,INR
32,Customer 31,Delhi,2024-01-11,5,2328.28,user31@example.com,INR
33,Customer 32,MUMBAI,2024-01-11,3,1414.91,user32@example.com,INR
34,Customer 33,Hyderabad,2024-01-12,1,2364.74,user33@example.com,INR
35,Customer 34,Hyderabad,2024-01-12,2,1169.13,user34@example.com,INR
36,Customer 35,Chennai,2024-01-12,7,2723.09,user35@example.com,INR
37,Customer 36,Chennai,2024-01-13,6,2064.37,user36@example.com,INR
38,Customer 37,Chennai,2024-01-13,3,2070.75,user37@example.com,INR
39,Customer 38,Mumbai,2024-01-13,4,2368.42,user38@example.com,INR
40,Customer 39,MUMBAI,2024-01-14,6,2663.6,user39@example.com,INR
41,Customer 40,Delhi,2024-01-14,4,1640.8,user40@example.com,INR
42,Customer 41,Mumbai,not recorded,4,1450.84,user41@example.com,INR
43,Customer 42,Hyderabad,2024-01-15,3,1860.36,user42@example.com,INR
44,Customer 43,Bengaluru,2024-01-15,6,1274.96,user43@example.com,INR
45,Customer 44,Hyderabad,2024-01-15,9,1919.89,user44@example.com,INR
46,Customer 45,Chennai,2024-01-16,-3,3454.53,user45@example.com,INR
47,Customer 46,Bengaluru,2024-01-16,3,1866.05,user46@example.com,INR
48,Customer 47,Bengaluru,2024-01-16,5,2890.84,user47@example.com,INR
49,Customer 48,Delhi,2024-01-17,2,1677.02,,INR
50,Customer 49,Bengaluru,31/02/2024,5,N/A,user49@example.com,INR
51,Customer 50,Bengaluru,2024-01-17,8,2308.16,user50@example.com,INR
52,Customer 51,Delhi,2024-01-18,6,2464.11,N/A,INR
53,Customer 52,Hyderabad,2024-01-18,2,2841.27,user52@example.com,INR
54,Customer 53,Delhi,2024-01-18,2,3553.74,user53@example.com,INR
55,Customer 54,Hyderabad,2024-01-19,1,2616.82,user54@example.com,INR
56,Customer 55,Hyderabad,2024-01-19,9,2574.62,user55@example.com,INR
57,Customer 56,Hyderabad,2024-01-19,4,1915.98,user56@example.com,INR
58,Customer 57,Chennai,2024-01-20,3,2850.0,user57@example.com,INR
59,Customer 58,Delhi,2024-01-20,8,"₹1,999",user58@example.com,INR
60,Customer 59,Delhi,2024-01-20,3,2999.2,user59@example.com,INR
61,Customer 60,Mumbai,2024-01-21,3,2473.78,user60@example.com,INR
62,Customer 61,Delhi,2024-01-21,3,N/A,user61@example.com,INR
63,Customer 62,Mumbai,2024-01-21,4,1310.25,user62@example.com,INR
64,Customer 63,Mumbai,2024-01-22,1,2322.04,,INR
65,Customer 64,Hyderabad,2024-01-22,6,3028.89,user64@example.com,INR
66,Customer 65  ,Bengaluru,2024-01-22,4,2289.58,user65@example.com,INR
67,Customer 66,Bengaluru,2024-01-23,9,"₹1,999",user66@example.com,INR
68,Customer 67,Bengaluru,2024-01-23,7,2340.47,user67@example.com,INR
69,Customer 68,Hyderabad,2024-01-23,4,1672.04,user68@example.com,INR
70,Customer 69,Chennai,2024-01-24,7,2571.37,user69@example.com,INR
71,Customer 70,Hyderabad,2024-01-24,8,3964.28,user70@example.com,INR
72,Customer 71,Mumbai,2024-01-24,2,"₹1,999",user71@example.com,INR
73,Customer 72,Chennai,2024-01-25,2,1834.59,user72@example.com,INR
74,Customer 73,bangalore,2024-01-25,2,1976.0,user73@example.com,INR
75,Customer 74,Delhi,2024-01-25,1,2257.16,user74@example.com,INR
76,Customer 75,Bengaluru,2024-01-26,3,3102.65,user75@example.com,INR
77,Customer 76,Chennai,2024-01-26,8,2007.11,user76@example.com,INR
78,Customer 77,Hyderabad,2024-01-26,7,2085.86,user77@example.com,INR
79,Customer 78,Chennai,2024-01-27,4,3030.85,user78@example.com,INR
80,Customer 79,Bengaluru,2024-01-27,5,3018.79,user79@example.com,INR
81,Customer 80,Delhi,2024-01-27,7,2275.71,user80@example.com,INR
82,Customer 81,Mumbai,2024-01-28,9,1829.34,user81@example.com,INR
83,Customer 82,Hyderabad,2024-01-28,3,1570.15,user82@example.com,INR
84,Customer 83,Hyderabad,2024-01-28,-3,2080.61,user83@example.com,INR
85,Customer 84,Bengaluru,2024-01-29,6,1161.68,user84@example.com,INR
86,Customer 85,Bengaluru ,2024-01-29,6,2949.89,user85@example.com,INR
87,Customer 86,Hyderabad,2024-01-29,8,2121.98,user86@example.com,INR
88,Customer 87,Hyderabad,2024-01-30,7,2788.78,N/A,INR
89,Customer 88  ,Chennai,2024-01-30,4,3620.99,user88@example.com,INR
90,Customer 89,Chennai,2024-01-30,7,3203.8,user89@example.com,INR
91,Customer 90,Bengaluru,2024-01-31,1,1809.32,user90@example.com,INR
92,Customer 91,bangalore,2024-01-31,4,3021.55,user91@example.com,INR
93,Customer 92,Delhi,2024-01-31,2,3194.71,user92@example.com,INR
94,Customer 93,Bengaluru,2024-02-01,3,2052.19,user93@example.com,INR
95,Customer 94  ,Mumbai,2024-02-01,9,1928.02,user94@example.com,INR
96,Customer 95,Delhi,2024-02-01,4,2434.18,,INR
97,Customer 96,Chennai,2024-02-02,1,1539.15,N/A,INR
98,Customer 97,Delhi,2024-02-02,5,3382.44,user97@example.com,INR
99,Customer 98,Chennai,2024-02-02,1,1056.78,user98@example.com,INR
100,Customer 99  ,Hyderabad,2024-02-03,2,1835.92,user99@example.com,INR
101,Customer 100,Chennai,2024-02-03,4,2338.26,user100@example.com,INR
102,Customer 101,Mumbai,2024-02-03,4,2363.75,user101@example.com,INR
103,Customer 102,Chennai,2024-02-04,3,2599.67,,INR
104,Customer 103,bangalore,2024-02-04,6,2662.87,user103@example.com,INR
105,Customer 104,MUMBAI,2024-02-04,5,"₹1,999",user104@example.com,INR
106,Customer 105,Bengaluru,2024-02-05,2,3182.13,user105@example.com,INR
107,Customer 106,Chennai,2024-02-05,8,1216.37,user106@example.com,INR
108,Customer 107,Mumbai,2024-02-05,2,2499.9,user107@example.com,INR
109,Customer 108,Delhi,2024-02-06,4,2071.25,user108@example.com,INR
110,Customer 109,Mumbai,2024-02-06,2,"₹1,999",user109@example.com,INR
111,Customer 110,Mumbai,2024-02-06,9,2632.46,N/A,INR
112,Customer 111,Bengaluru,2024-02-07,3,1952.9,user111@example.com,INR
113,Customer 112,Bengaluru ,2024-02-07,8,2115.43,user112@example.com,INR
114,Customer 113,Hyderabad,2024-02-07,9,2975.55,user113@example.com,INR
115,Customer 114,Delhi,2024-02-08,2,2709.43,user114@example.com,INR
116,Customer 115,Mumbai,2024-02-08,1,2091.85,user115@example.com,INR
117,Customer 116,bangalore,2024-02-08,1,N/A,,INR
118,Customer 117,Hyderabad,2024-02-09,2,3885.51,user117@example.com,INR
119,Customer 118,Mumbai,2024-02-09,4,1622.52,,INR
120,Customer 119,Delhi,2024-02-09,2,2681.08,user119@example.com,INR
121,Customer 120,bangalore,2024-02-10,9,4005.4,user120@example.com,INR
122,Customer 121,Chennai,2024-02-10,5,2970.34,user121@example.com,INR
123,Customer 122,Delhi,2024-02-10,8,2632.64,user122@example.com,INR
124,Customer 123,Chennai,2024-02-11,1,2375.17,user123@example.com,INR
125,Customer 124  ,Delhi,2024-02-11,2,2175.28,user124@example.com,INR
126,Customer 125,Chennai,2024-02-11,5,2372.49,user125@example.com,INR
127,Customer 126,Hyderabad,2024-02-12,2,2169.56,user126@example.com,INR
128,Customer 127,Bengaluru,2024-02-12,2,2946.95,N/A,INR
129,Customer 128,Delhi,2024-02-12,1,2261.11,user128@example.com,INR
130,Customer 129,Delhi,2024-02-13,3,2235.31,user129@example.com,INR
131,Customer 130,bangalore,2024-02-13,7,1778.7,user130@example.com,INR
132,Customer 131,Mumbai,2024-02-13,8,2470.25,user131@example.com,INR
133,Customer 132  ,Bengaluru,2024-02-14,5,1963.53,user132@example.com,INR
134,Customer 133,Delhi,2024-02-14,2,2391.55,user133@example.com,INR
135,Customer 134,Hyderabad,2024-02-14,5,3125.09,user134@example.com,INR
136,Customer 135,Bengaluru,2024-02-15,6,2719.55,user135@example.com,INR
137,Customer 136,Delhi,2024-02-15,2,2802.84,user136@example.com,INR
138,Customer 137,Hyderabad,2024-02-15,4,2713.65,user137@example.com,INR
139,Customer 138,Hyderabad,2024-02-16,8,2535.51,user138@example.com,INR
140,Customer 139,Mumbai,2024-02-16,4,2423.6,N/A,INR
141,Customer 140,Bengaluru,2024-02-16,5,2315.32,user140@example.com,INR
142,Customer 141,Chennai,2024-02-17,8,2955.47,user141@example.com,INR
143,Customer 142,Bengaluru,2024-02-17,7,1849.46,user142@example.com,INR
144,Customer 143,Mumbai,2024-02-17,2,3304.43,user143@example.com,INR
145,Customer 144,Delhi,2024-02-18,6,2520.45,user144@example.com,INR
146,Customer 145,Hyderabad,2024-02-18,9,2050.78,user145@example.com,INR
147,Customer 146,Bengaluru,2024-02-18,2,2206.51,N/A,INR
148,Customer 147,MUMBAI,2024-02-19,9,2093.81,user147@example.com,INR
149,Customer 148,Delhi,2024-02-19,6,2596.12,user148@example.com,INR
150,Customer 149,Bengaluru,2024-02-19,7,2069.29,user149@example.com,INR
151,Customer 150,Hyderabad,2024-02-20,3,3185.28,,INR
152,Customer 151,Hyderabad,2024-02-20,1,2031.02,user151@example.com,INR
153,Customer 152,bangalore,2024-02-20,1,1136.49,user152@example.com,INR
154,Customer 153,Hyderabad,2024-02-21,6,2061.4,user153@example.com,INR
155,Customer 154,Chennai,2024-02-21,9,1294.89,user154@example.com,INR
156,Customer 155,Bengaluru ,2024-02-21,6,2476.08,user155@example.com,INR
157,Customer 156,bangalore,2024-02-22,4,3135.49,user156@example.com,INR
158,Customer 157,Delhi,2024-02-22,7,2888.66,user157@example.com,INR
159,Customer 158,Mumbai,2024-02-22,9,1697.45,user158@example.com,INR
160,Customer 159,Bengaluru,not recorded,2,2042.65,user159@example.com,INR
161,Customer 160,Delhi,2024-02-23,1,3567.18,user160@example.com,INR
162,Customer 161,Bengaluru,2024-02-23,9,2691.11,user161@example.com,INR
163,Customer 162,Chennai,2024-02-24,1,2502.47,user162@example.com,INR
164,Customer 163,Hyderabad,2024-02-24,8,3133.64,user163@example.com,INR
165,Customer 164,Mumbai,2024-02-24,2,N/A,user164@example.com,INR
166,Customer 165,Delhi,2024-02-25,2,3277.94,user165@example.com,INR
167,Customer 166,Bengaluru,2024-02-25,3,2583.65,user166@example.com,INR
168,Customer 167,Bengaluru,2024-02-25,3,2712.81,user167@example.com,INR
169,Customer 168,Mumbai,2024-02-26,3,2870.25,user168@example.com,INR
170,Customer 169,Hyderabad,2024-02-26,1,2132.38,user169@example.com,INR
171,Customer 170,Hyderabad,2024-02-26,8,1864.77,user170@example.com,INR
172,Customer 171,Chennai,2024-02-27,8,2531.47,N/A,INR
173,Customer 172,Delhi,2024-02-27,7,1931.67,user172@example.com,INR
174,Customer 173,Delhi,2024-02-27,9,2463.12,user173@example.com,INR
175,Customer 174,Bengaluru,2024-02-28,9,2557.67,user174@example.com,INR
176,Customer 175,Mumbai,2024-02-28,9,3904.62,user175@example.com,INR
177,Customer 176,Bengaluru ,2024-02-28,4,1989.37,user176@example.com,INR
178,Customer 177,Bengaluru ,2024-02-29,6,2426.93,,INR
179,Customer 178,Bengaluru ,2024-02-29,7,2401.42,user178@example.com,INR
180,Customer 179,Mumbai,2024-02-29,6,2762.39,user179@example.com,INR
181,Customer 180,Chennai,2024-03-01,8,3128.03,user180@example.com,INR
182,Customer 181,Bengaluru,2024-03-01,7,2205.71,user181@example.com,INR
183,Customer 182,Hyderabad,2024-03-01,4,2007.19,user182@example.com,INR
184,Customer 183,Hyderabad,not recorded,6,N/A,user183@example.com,INR
185,Customer 184,Delhi,2024-03-02,2,1944.28,user184@example.com,INR
186,Customer 185,Delhi,2024-03-02,9,2821.86,user185@example.com,INR
187,Customer 186,Chennai,2024-03-03,9,2527.39,user186@example.com,INR
188,Customer 187,Delhi,2024-03-03,6,1890.74,user187@example.com,INR
189,Customer 188,Delhi,2024-03-03,7,2276.34,user188@example.com,INR
190,Customer 189,Mumbai,2024-03-04,4,"₹1,999",user189@example.com,INR
191,Customer 190,Delhi,2024-03-04,4,2802.21,user190@example.com,INR
192,Customer 191,Chennai,2024-03-04,5,2143.96,,INR
193,Customer 192,Bengaluru,2024-03-05,3,2349.74,user192@example.com,INR
194,Customer 193,Bengaluru ,2024-03-05,1,1408.94,user193@example.com,INR
195,Customer 194,Chennai,2024-03-05,4,1809.17,user194@example.com,INR
196,Customer 195,Mumbai,2024-03-06,7,3470.63,user195@example.com,INR
197,Customer 196,Hyderabad,2024-03-06,3,1187.12,user196@example.com,INR
198,Customer 197,Bengaluru ,2024-03-06,7,2297.32,user197@example.com,INR
199,Customer 198,Hyderabad,2024-03-07,6,2631.52,user198@example.com,INR
200,Customer 199,Bengaluru,2024-03-07,4,2275.39,user199@example.com,INR
201,Customer 200,Delhi,2024-03-07,7,2015.11,user200@example.com,INR
202,Customer 201,Hyderabad,2024-03-08,8,2463.35,user201@example.com,INR
203,Customer 202,MUMBAI,2024-03-08,9,2497.02,user202@example.com,INR
204,Customer 203,Chennai,2024-03-08,7,2450.73,user203@example.com,INR
205,Customer 204,Chennai,2024-03-09,1,1373.37,user204@example.com,INR
206,Customer 205,Bengaluru ,2024-03-09,4,2411.56,user205@example.com,INR
207,Customer 206,Bengaluru,2024-03-09,5,1986.93,user206@example.com,INR
208,Customer 207,Delhi,2024-03-10,1,2171.36,user207@example.com,INR
209,Customer 208,MUMBAI,2024-03-10,4,2636.18,user208@example.com,INR
210,Customer 209,bangalore,2024-03-10,2,2884.44,user209@example.com,INR
211,Customer 210,Chennai,2024-03-11,5,3038.07,,INR
212,Customer 211,Mumbai,2024-03-11,2,2202.15,user211@example.com,INR
213,Customer 212,Bengaluru,2024-03-11,3,3054.4,,INR
214,Customer 213,Delhi,2024-03-12,3,3204.24,user213@example.com,INR
215,Customer 214,Mumbai,2024-03-12,9,3181.98,user214@example.com,INR
216,Customer 215,Chennai,2024-03-12,5,3333.86,user215@example.com,INR
217,Customer 216,Hyderabad,2024-03-13,6,2412.59,user216@example.com,INR
218,Customer 217,Mumbai,2024-03-13,9,2395.52,user217@example.com,INR
219,Customer 218,Hyderabad,2024-03-13,1,2995.03,user218@example.com,INR
220,Customer 219,Delhi,2024-03-14,3,1680.09,user219@example.com,INR
221,Customer 220,Delhi,2024-03-14,4,2625.66,user220@example.com,INR
222,Customer 221,Chennai,2024-03-14,9,N/A,,INR
223,Customer 222,Chennai,2024-03-15,7,2278.73,user222@example.com,INR
224,Customer 223,Bengaluru ,2024-03-15,7,1455.09,user223@example.com,INR
225,Customer 224,Hyderabad,2024-03-15,4,1965.67,user224@example.com,INR
226,Customer 225,Bengaluru,2024-03-16,8,2487.7,user225@example.com,INR
227,Customer 226  ,Delhi,2024-03-16,2,3033.07,user226@example.com,INR
228,Customer 227,Hyderabad,2024-03-16,4,3094.02,user227@example.com,INR
229,Customer 228,Mumbai,2024-03-17,4,2451.8,,INR
230,Customer 229,Bengaluru,2024-03-17,1,2386.43,,INR
231,Customer 230,Delhi,2024-03-17,1,2001.59,user230@example.com,INR
232,Customer 231,Chennai,2024-03-18,8,2741.41,user231@example.com,INR
233,Customer 232,Chennai,2024-03-18,9,2351.45,user232@example.com,INR
234,Customer 233,Hyderabad,2024-03-18,3,2863.53,user233@example.com,INR
235,Customer 234  ,Chennai,2024-03-19,1,3551.01,user234@example.com,INR
236,Customer 235,Bengaluru,2024-03-19,2,2480.58,user235@example.com,INR
237,Customer 236  ,Hyderabad,2024-03-19,1,1601.59,user236@example.com,INR
238,Customer 237,Delhi,2024-03-20,8,1983.49,N/A,INR
239,Customer 238,Hyderabad,2024-03-20,1,1625.11,user238@example.com,INR
240,Customer 239,Hyderabad,2024-03-20,7,1781.73,user239@example.com,INR
241,Customer 240,Hyderabad,2024-03-21,8,3283.16,user240@example.com,INR
242,Customer 241,Bengaluru,2024-03-21,2,2636.0,user241@example.com,INR
243,Customer 242,Hyderabad,2024-03-21,3,1587.9,user242@example.com,INR
244,Customer 243,Chennai,2024-03-22,3,2892.18,user243@example.com,INR
245,Customer 244,Delhi,2024-03-22,7,3256.22,user244@example.com,INR
246,Customer 245,Chennai,2024-03-22,9,2284.08,user245@example.com,INR
247,Customer 246,Hyderabad,2024-03-23,7,"₹1,999",user246@example.com,INR
248,Customer 247,bangalore,2024-03-23,3,2297.57,user247@example.com,INR
249,Customer 248,Bengaluru,2024-03-23,7,2670.76,user248@example.com,INR
250,Customer 249,Chennai,2024-03-24,7,2883.98,user249@example.com,INR
251,Customer 250,Mumbai,2024-03-24,4,3209.33,user250@example.com,INR
252,Customer 251,Mumbai,2024-03-24,2,3227.49,N/A,INR
253,Customer 252,Bengaluru,2024-03-25,3,3211.24,user252@example.com,INR
254,Customer 253,Bengaluru,2024-03-25,8,3317.15,user253@example.com,INR
255,Customer 254,Hyderabad,2024-03-25,5,2896.83,user254@example.com,INR
256,Customer 255,Mumbai,2024-03-26,2,N/A,user255@example.com,INR
257,Customer 256  ,Bengaluru,2024-03-26,9,2421.42,user256@example.com,INR
258,Customer 257,bangalore,2024-03-26,5,2688.35,user257@example.com,INR
259,Customer 258,Mumbai,not recorded,4,2270.12,user258@example.com,INR
260,Customer 259,Mumbai,2024-03-27,1,3046.76,user259@example.com,INR
261,Customer 260,Mumbai,2024-03-27,6,2283.87,user260@example.com,INR
262,Customer 261,Hyderabad,2024-03-28,5,1944.55,user261@example.com,INR
263,Customer 262,Hyderabad,2024-03-28,2,3366.58,,INR
264,Customer 263,Delhi,2024-03-28,8,2899.6,user263@example.com,INR
265,Customer 264,Hyderabad,2024-03-29,5,2631.55,user264@example.com,INR
266,Customer 265,Mumbai,2024-03-29,1,3056.03,user265@example.com,INR
267,Customer 266,Bengaluru,2024-03-29,2,3137.52,user266@example.com,INR
268,Customer 267,Mumbai,2024-03-30,3,2704.62,user267@example.com,INR
269,Customer 268,Bengaluru,2024-03-30,7,1025.4,user268@example.com,INR
270,Customer 269,Hyderabad,2024-03-30,7,2094.65,user269@example.com,INR
271,Customer 270,Mumbai,2024-03-31,8,2226.05,user270@example.com,INR
272,Customer 271,Delhi,2024-03-31,6,1909.48,user271@example.com,INR
273,Customer 272,Mumbai,2024-03-31,9,2619.21,user272@example.com,INR
274,Customer 273,Hyderabad,2024-04-01,3,3215.32,user273@example.com,INR
275,Customer 274,Bengaluru,not recorded,6,2209.06,user274@example.com,INR
276,Customer 275,Delhi,2024-04-01,6,1819.1,user275@example.com,INR
277,Customer 276,Hyderabad,not recorded,4,3716.82,user276@example.com,INR
278,Customer 277,Delhi,2024-04-02,5,2229.14,user277@example.com,INR
279,Customer 278,Hyderabad,2024-04-02,7,1760.22,user278@example.com,INR
280,Customer 279,Hyderabad,2024-04-03,8,2642.61,user279@example.com,INR
281,Customer 280,Chennai,2024-04-03,9,2755.41,user280@example.com,INR
282,Customer 281,Chennai,2024-04-03,3,2076.97,N/A,INR
283,Customer 282,Delhi,2024-04-04,7,2974.27,user282@example.com,INR
284,Customer 283,Delhi,2024-04-04,7,2207.61,user283@example.com,INR
285,Customer 284,Hyderabad,2024-04-04,9,"₹1,999",user284@example.com,INR
286,Customer 285,Delhi,2024-04-05,6,2607.15,user285@example.com,INR
287,Customer 286,Hyderabad,2024-04-05,2,2962.46,user286@example.com,INR
288,Customer 287,Hyderabad,2024-04-05,7,2119.69,user287@example.com,INR
289,Customer 288,MUMBAI,2024-04-06,2,2698.38,user288@example.com,INR
290,Customer 289,Delhi,2024-04-06,4,2443.91,user289@example.com,INR
291,Customer 290,Chennai,2024-04-06,5,4194.66,user290@example.com,INR
292,Customer 291,Hyderabad,2024-04-07,7,2074.86,user291@example.com,INR
293,Customer 292,Bengaluru,2024-04-07,2,3330.5,user292@example.com,INR
294,Customer 293,Bengaluru,31/02/2024,7,2468.59,,INR
295,Customer 294,Mumbai,2024-04-08,2,2423.94,user294@example.com,INR
296,Customer 295,Delhi,2024-04-08,4,N/A,user295@example.com,INR
297,Customer 296,Bengaluru,2024-04-08,2,3036.39,user296@example.com,INR
298,Customer 297,Delhi,2024-04-09,1,3260.21,user297@example.com,INR
299,Customer 298,Delhi,2024-04-09,3,2697.19,user298@example.com,INR
300,Customer 299,Hyderabad,2024-04-09,9,2139.76,user299@example.com,INR
301,Customer 0,Chennai,2024-04-10,6,2177.41,,INR
302,Customer 1,Mumbai,2024-04-10,7,2805.79,user301@example.com,INR
303,Customer 2,Chennai,2024-04-10,3,2848.54,user302@example.com,INR
304,Customer 3,Hyderabad,2024-04-11,2,3338.83,user303@example.com,INR
305,Customer 4,Chennai,2024-04-11,9,2751.06,user304@example.com,INR
306,Customer 5,Chennai,2024-04-11,7,3136.1,user305@example.com,INR
307,Customer 6,Mumbai,2024-04-12,5,3410.06,user306@example.com,INR
308,Customer 7,Chennai,2024-04-12,3,2598.88,user307@example.com,INR
309,Customer 8,Bengaluru,2024-04-12,8,1608.66,user308@example.com,INR
310,Customer 9,Chennai,2024-04-13,5,1792.43,user309@example.com,INR
311,Customer 10,bangalore,2024-04-13,1,1637.32,user310@example.com,INR
312,Customer 11,Hyderabad,2024-04-13,8,3454.95,user311@example.com,INR
313,Customer 12,Mumbai,2024-04-14,4,1991.55,user312@example.com,INR
314,Customer 13,Mumbai,2024-04-14,5,3239.1,user313@example.com,INR
315,Customer 14,Chennai,2024-04-14,4,2851.44,user314@example.com,INR
316,Customer 15,Mumbai,2024-04-15,3,3529.16,user315@example.com,INR
317,Customer 16,Chennai,2024-04-15,6,3101.86,user316@example.com,INR
318,Customer 17,Mumbai,2024-04-15,3,2438.58,,INR
319,Customer 18,Bengaluru,2024-04-16,5,2379.98,user318@example.com,INR
320,Customer 19,Bengaluru,2024-04-16,1,2551.1,user319@example.com,INR
321,Customer 20,Delhi,2024-04-16,8,2605.16,user320@example.com,INR
322,Customer 21,Mumbai,2024-04-17,2,2181.55,,INR
323,Customer 22,Mumbai,2024-04-17,6,2480.42,user322@example.com,INR
324,Customer 23,MUMBAI,2024-04-17,3,3465.59,user323@example.com,INR
325,Customer 24,Hyderabad,2024-04-18,2,1478.72,user324@example.com,INR
326,Customer 25,Hyderabad,2024-04-18,2,2655.09,N/A,INR
327,Customer 26,Delhi,2024-04-18,7,1955.83,user326@example.com,INR
328,Customer 27,Bengaluru,2024-04-19,1,2612.22,user327@example.com,INR
329,Customer 28,Chennai,2024-04-19,8,3003.91,user328@example.com,INR
330,Customer 29,Chennai,2024-04-19,5,2465.43,user329@example.com,INR
331,Customer 30,Hyderabad,2024-04-20,5,2963.79,user330@example.com,INR
332,Customer 31,Delhi,2024-04-20,2,1546.1,user331@example.com,INR
333,Customer 32,MUMBAI,2024-04-20,4,3164.19,user332@example.com,INR
334,Customer 33,Delhi,2024-04-21,7,2138.12,user333@example.com,INR
335,Customer 34,Delhi,2024-04-21,9,2873.44,user334@example.com,INR
336,Customer 35  ,Chennai,2024-04-21,9,2609.47,user335@example.com,INR
337,Customer 36,Mumbai,2024-04-22,6,948.66,user336@example.com,INR
338,Customer 37,Mumbai,2024-04-22,3,2046.36,user337@example.com,INR
339,Customer 38,Bengaluru,2024-04-22,1,2632.31,user338@example.com,INR
340,Customer 39,Hyderabad,2024-04-23,6,3432.39,user339@example.com,INR
341,Customer 40,Chennai,2024-04-23,5,2672.36,user340@example.com,INR
342,Customer 41,Delhi,2024-04-23,5,2654.62,N/A,INR
343,Customer 42,MUMBAI,2024-04-24,5,1652.39,user342@example.com,INR
344,Customer 43,Chennai,2024-04-24,1,3358.69,user343@example.com,INR
345,Customer 44,Delhi,2024-04-24,4,3584.25,,INR
346,Customer 45,Chennai,2024-04-25,2,2517.15,user345@example.com,INR
347,Customer 46,Bengaluru,31/02/2024,8,2368.15,user346@example.com,INR
348,Customer 47,Bengaluru ,2024-04-25,8,1528.57,user347@example.com,INR
349,Customer 48,Chennai,2024-04-26,8,3029.99,user348@example.com,INR
350,Customer 49,Bengaluru,2024-04-26,5,N/A,user349@example.com,INR
351,Customer 50,Chennai,2024-04-26,8,2930.27,,INR
352,Customer 51,Delhi,2024-04-27,8,3258.22,user351@example.com,INR
353,Customer 52,Bengaluru,2024-04-27,4,2825.25,user352@example.com,INR
354,Customer 53,Chennai,2024-04-27,1,1908.99,user353@example.com,INR
355,Customer 54,Chennai,2024-04-28,8,3302.0,user354@example.com,INR
356,Customer 55,Hyderabad,2024-04-28,6,1759.26,user355@example.com,INR
357,Customer 56,Hyderabad,2024-04-28,5,2373.6,user356@example.com,INR
358,Customer 57,Chennai,31/02/2024,8,2667.31,user357@example.com,INR
359,Customer 58,Hyderabad,2024-04-29,9,3029.75,user358@example.com,INR
360,Customer 59,Bengaluru,2024-04-29,8,2749.59,user359@example.com,INR
361,Customer 60,Hyderabad,2024-04-30,1,2732.1,user360@example.com,INR
362,Customer 61,Hyderabad,2024-04-30,900,2043.11,N/A,INR
363,Customer 62,Chennai,not recorded,5,1726.38,user362@example.com,INR
364,Customer 63,Hyderabad,2024-05-01,5,2536.89,user363@example.com,INR
365,Customer 64,Chennai,2024-05-01,3,2073.88,user364@example.com,INR
366,Customer 65,Hyderabad,2024-05-01,4,1715.33,,INR
367,Customer 66,Hyderabad,2024-05-02,6,1740.43,user366@example.com,INR
368,Customer 67,Delhi,2024-05-02,7,2205.92,user367@example.com,INR
369,Customer 68,Hyderabad,2024-05-02,7,1388.45,user368@example.com,INR
370,Customer 69,Hyderabad,2024-05-03,1,1691.52,user369@example.com,INR
371,Customer 70,Mumbai,2024-05-03,4,1518.92,user370@example.com,INR
372,Customer 71,Bengaluru,2024-05-03,3,2609.36,user371@example.com,INR
373,Customer 72,Bengaluru,2024-05-04,3,2744.79,user372@example.com,INR
374,Customer 73,Bengaluru,2024-05-04,8,3704.28,user373@example.com,INR
375,Customer 74,Delhi,2024-05-04,4,1601.48,user374@example.com,INR
376,Customer 75,Bengaluru,2024-05-05,5,2092.24,user375@example.com,INR
377,Customer 76,Mumbai,2024-05-05,9,"₹1,999",user376@example.com,INR
378,Customer 77,Mumbai,2024-05-05,5,2369.94,user377@example.com,INR
379,Customer 78,bangalore,2024-05-06,7,2303.8,user378@example.com,INR
380,Customer 79,Mumbai,2024-05-06,9,3525.5,user379@example.com,INR
381,Customer 80,Hyderabad,2024-05-06,9,2296.96,user380@example.com,INR
382,Customer 81,Bengaluru,2024-05-07,3,N/A,user381@example.com,INR
383,Customer 82,Hyderabad,2024-05-07,4,1709.84,user382@example.com,INR
384,Customer 83,Delhi,2024-05-07,1,2701.42,user383@example.com,INR
385,Customer 84,Mumbai,2024-05-08,7,N/A,user384@example.com,INR
386,Customer 85,Bengaluru,2024-05-08,4,N/A,user385@example.com,INR
387,Customer 86,Mumbai,2024-05-08,1,1908.76,user386@example.com,INR
388,Customer 87,Delhi,2024-05-09,2,2820.83,user387@example.com,INR
389,Customer 88,Bengaluru,2024-05-09,2,2846.36,user388@example.com,INR
390,Customer 89,Bengaluru,2024-05-09,1,2114.07,user389@example.com,INR
391,Customer 90,Bengaluru,2024-05-10,1,2873.33,user390@example.com,INR
392,Customer 91,Chennai,2024-05-10,6,2843.11,user391@example.com,INR
393,Customer 92,Bengaluru,2024-05-10,3,1430.15,user392@example.com,INR
394,Customer 93,Bengaluru,2024-05-11,9,2312.76,user393@example.com,INR
395,Customer 94,Delhi,2024-05-11,6,2749.08,user394@example.com,INR
396,Customer 95,Mumbai,2024-05-11,6,2156.15,user395@example.com,INR
397,Customer 96,Delhi,2024-05-12,5,1216.64,user396@example.com,INR
398,Customer 97,bangalore,2024-05-12,6,2330.19,user397@example.com,INR
399,Customer 98,Hyderabad,2024-05-12,8,2951.26,user398@example.com,INR
400,Customer 99,Delhi,2024-05-13,3,3448.24,user399@example.com,INR
401,Customer 100,Chennai,2024-05-13,6,1185.53,user400@example.com,INR
402,Customer 101,Hyderabad,2024-05-13,6,4067.99,user401@example.com,INR
403,Customer 102,bangalore,2024-05-14,7,1823.72,user402@example.com,INR
404,Customer 103,Chennai,2024-05-14,7,3074.18,user403@example.com,INR
405,Customer 104,Mumbai,2024-05-14,7,"₹1,999",,INR
406,Customer 105,Chennai,2024-05-15,6,3089.81,user405@example.com,INR
407,Customer 106,Mumbai,2024-05-15,1,2589.77,user406@example.com,INR
408,Customer 107,Bengaluru,2024-05-15,8,N/A,user407@example.com,INR
409,Customer 108,Chennai,2024-05-16,9,2875.94,user408@example.com,INR
410,Customer 109,Delhi,2024-05-16,5,2070.86,user409@example.com,INR
411,Customer 110,bangalore,2024-05-16,4,986.38,user410@example.com,INR
412,Customer 111,Bengaluru,2024-05-17,2,4197.34,user411@example.com,INR
413,Customer 112,Mumbai,2024-05-17,5,2924.86,user412@example.com,INR
414,Customer 113,bangalore,2024-05-17,6,3590.85,user413@example.com,INR
415,Customer 114,Delhi,2024-05-18,7,1953.03,user414@example.com,INR
416,Customer 115,Hyderabad,2024-05-18,5,3380.5,user415@example.com,INR
417,Customer 116,Hyderabad,2024-05-18,2,3453.92,user416@example.com,INR
418,Customer 117,Bengaluru ,2024-05-19,2,3432.73,user417@example.com,INR
419,Customer 118,Bengaluru,2024-05-19,5,2487.28,user418@example.com,INR
420,Customer 119,Bengaluru,2024-05-19,6,1778.52,user419@example.com,INR
421,Customer 120,Delhi,2024-05-20,8,2393.61,user420@example.com,INR
422,Customer 121,Mumbai,2024-05-20,8,1178.34,user421@example.com,INR
423,Customer 122,Hyderabad,2024-05-20,6,1478.79,user422@example.com,INR
424,Customer 123,Mumbai,2024-05-21,2,2555.16,user423@example.com,INR
425,Customer 124,Bengaluru,2024-05-21,8,1905.16,user424@example.com,INR
426,Customer 125,Bengaluru,2024-05-21,5,2401.33,user425@example.com,INR
427,Customer 126,Mumbai,2024-05-22,8,2434.6,user426@example.com,INR
428,Customer 127,Chennai,2024-05-22,7,3658.44,user427@example.com,INR
429,Customer 128,Bengaluru,2024-05-22,3,3278.58,user428@example.com,INR
430,Customer 129,Chennai,2024-05-23,4,2473.08,user429@example.com,INR
431,Customer 130,Mumbai,2024-05-23,4,3225.34,user430@example.com,INR
432,Customer 131,Mumbai,2024-05-23,3,2032.17,user431@example.com,INR
433,Customer 132,Chennai,2024-05-24,7,"₹1,999",user432@example.com,INR
434,Customer 133,Hyderabad,2024-05-24,4,3046.13,user433@example.com,INR
435,Customer 134,Delhi,2024-05-24,7,1755.0,user434@example.com,INR
436,Customer 135,Chennai,2024-05-25,5,2332.61,user435@example.com,INR
437,Customer 136,Mumbai,2024-05-25,4,1707.49,user436@example.com,INR
438,Customer 137,Bengaluru,2024-05-25,7,2570.48,user437@example.com,INR
439,Customer 138,Hyderabad,2024-05-26,2,"₹1,999",user438@example.com,INR
440,Customer 139,Chennai,2024-05-26,6,2048.74,user439@example.com,INR
441,Customer 140,Chennai,2024-05-26,2,2635.53,user440@example.com,INR
442,Customer 141,Hyderabad,2024-05-27,1,1961.61,user441@example.com,INR
443,Customer 142,Delhi,2024-05-27,8,N/A,,INR
444,Customer 143,Bengaluru,2024-05-27,8,1758.49,user443@example.com,INR
445,Customer 144,Delhi,2024-05-28,7,3372.85,user444@example.com,INR
446,Customer 145,Delhi,2024-05-28,9,3917.46,user445@example.com,INR
447,Customer 146,Mumbai,2024-05-28,6,2789.83,user446@example.com,INR
448,Customer 147,MUMBAI,2024-05-29,1,2070.22,user447@example.com,INR
449,Customer 148,Mumbai,2024-05-29,4,2922.93,user448@example.com,INR
450,Customer 149  ,Chennai,2024-05-29,3,2299.41,user449@example.com,INR
451,Customer 150,Chennai,2024-05-30,7,2980.84,,INR
452,Customer 151,Bengaluru,2024-05-30,2,2674.6,user451@example.com,INR
453,Customer 152,Delhi,2024-05-30,6,2667.82,user452@example.com,INR
454,Customer 153,Chennai,2024-05-31,8,2864.37,user453@example.com,INR
455,Customer 154,bangalore,2024-05-31,2,2152.3,user454@example.com,INR
456,Customer 155,Chennai,2024-05-31,9,2257.38,user455@example.com,INR
457,Customer 156,Hyderabad,2024-06-01,7,1467.25,user456@example.com,INR
458,Customer 157,Hyderabad,2024-06-01,1,2234.88,user457@example.com,INR
459,Customer 158,Chennai,2024-06-01,5,1646.6,user458@example.com,INR
460,Customer 159,Hyderabad,2024-06-02,3,2413.19,,INR
461,Customer 160,Mumbai,2024-06-02,7,1925.42,user460@example.com,INR
462,Customer 161,Mumbai,2024-06-02,2,2560.74,user461@example.com,INR
463,Customer 162,Bengaluru,2024-06-03,5,2771.94,user462@example.com,INR
464,Customer 163,Chennai,2024-06-03,5,1647.93,user463@example.com,INR
465,Customer 164,Mumbai,2024-06-03,5,"₹1,999",user464@example.com,INR
466,Customer 165,Hyderabad,2024-06-04,9,N/A,user465@example.com,INR
467,Customer 166,Delhi,2024-06-04,9,2947.9,user466@example.com,INR
468,Customer 167,Hyderabad,2024-06-04,1,3523.82,user467@example.com,INR
469,Customer 168,Bengaluru,2024-06-05,8,3010.92,user468@example.com,INR
470,Customer 169,Bengaluru,2024-06-05,2,2290.35,user469@example.com,INR
471,Customer 170,bangalore,2024-06-05,2,3379.0,user470@example.com,INR
472,Customer 171,Bengaluru,2024-06-06,5,1591.54,user471@example.com,INR
473,Customer 172,Delhi,2024-06-06,9,3399.61,user472@example.com,INR
474,Customer 173,Chennai,2024-06-06,5,2106.27,user473@example.com,INR
475,Customer 174,Chennai,2024-06-07,6,831.82,user474@example.com,INR
476,Customer 175,Mumbai,2024-06-07,7,4090.48,user475@example.com,INR
477,Customer 176,Bengaluru,2024-06-07,5,3446.81,user476@example.com,INR
478,Customer 177,Delhi,2024-06-08,4,N/A,user477@example.com,INR
479,Customer 178,Chennai,31/02/2024,7,2601.41,,INR
480,Customer 179,Hyderabad,2024-06-08,2,2371.3,,INR
481,Customer 180,Hyderabad,2024-06-09,8,2561.33,user480@example.com,INR
482,Customer 181,Mumbai,2024-06-09,4,1610.03,user481@example.com,INR
483,Customer 182,Bengaluru,2024-06-09,6,2091.1,N/A,INR
484,Customer 183,Mumbai,2024-06-10,9,2780.78,user483@example.com,INR
485,Customer 184,Hyderabad,2024-06-10,7,2633.62,user484@example.com,INR
486,Customer 185,Delhi,2024-06-10,7,3219.54,,INR
487,Customer 186,Hyderabad,2024-06-11,8,2547.85,user486@example.com,INR
488,Customer 187,Chennai,2024-06-11,2,3909.53,user487@example.com,INR
489,Customer 188,Delhi,2024-06-11,4,2070.56,user488@example.com,INR
490,Customer 189,Bengaluru,2024-06-12,8,2655.6,user489@example.com,INR
491,Customer 190  ,Delhi,2024-06-12,3,1350.21,user490@example.com,INR
492,Customer 191,Mumbai,2024-06-12,3,1748.12,user491@example.com,INR
493,Customer 192,Hyderabad,2024-06-13,8,3297.12,user492@example.com,INR
494,Customer 193,Bengaluru,2024-06-13,8,1934.32,user493@example.com,INR
495,Customer 194,Bengaluru,2024-06-13,3,2818.41,user494@example.com,INR
496,Customer 195,Bengaluru ,2024-06-14,1,2462.94,,INR
497,Customer 196,Chennai,2024-06-14,5,1873.27,user496@example.com,INR
498,Customer 197,Hyderabad,2024-06-14,8,2291.05,user497@example.com,INR
499,Customer 198,Delhi,2024-06-15,5,2191.46,user498@example.com,INR
500,Customer 199,Mumbai,not recorded,2,2207.58,user499@example.com,INR
501,Customer 200,Mumbai,2024-06-15,5,2952.16,user500@example.com,INR
502,Customer 201,Mumbai,2024-06-16,5,2891.41,user501@example.com,INR
503,Customer 202,Chennai,2024-06-16,6,N/A,user502@example.com,INR
504,Customer 203,Delhi,2024-06-16,6,1955.74,user503@example.com,INR
505,Customer 204,Mumbai,2024-06-17,3,2669.4,user504@example.com,INR
506,Customer 205,Mumbai,2024-06-17,5,2439.99,user505@example.com,INR
507,Customer 206,bangalore,2024-06-17,5,3116.97,user506@example.com,INR
508,Customer 207,Mumbai,2024-06-18,2,4093.18,user507@example.com,INR
509,Customer 208,Mumbai,2024-06-18,5,3005.75,user508@example.com,INR
510,Customer 209,Mumbai,2024-06-18,2,2479.16,,INR
511,Customer 210,Hyderabad,2024-06-19,2,2396.77,user510@example.com,INR
512,Customer 211,Delhi,2024-06-19,3,1985.98,user511@example.com,INR
513,Customer 212,Delhi,2024-06-19,9,1956.0,user512@example.com,INR
514,Customer 213,Bengaluru,2024-06-20,1,1897.95,user513@example.com,INR
515,Customer 214,Mumbai,2024-06-20,8,2262.8,,INR
516,Customer 215,Chennai,2024-06-20,2,2243.71,,INR
517,Customer 216,Chennai,2024-06-21,9,2946.24,user516@example.com,INR
518,Customer 217,Delhi,2024-06-21,2,2260.6,user517@example.com,INR
519,Customer 218,Hyderabad,2024-06-21,6,2381.53,user518@example.com,INR
520,Customer 219,Mumbai,2024-06-22,5,1769.04,user519@example.com,INR
521,Customer 220,Bengaluru,2024-06-22,3,3486.75,user520@example.com,INR
522,Customer 221,Bengaluru,2024-06-22,4,2804.19,user521@example.com,INR
523,Customer 222  ,Bengaluru,2024-06-23,4,3573.32,user522@example.com,INR
524,Customer 223,Chennai,2024-06-23,6,2978.13,,INR
525,Customer 224,Hyderabad,2024-06-23,7,3393.78,user524@example.com,INR
526,Customer 225,Bengaluru,2024-06-24,3,2350.91,user525@example.com,INR
527,Customer 226,bangalore,2024-06-24,4,"₹1,999",user526@example.com,INR
528,Customer 227,Bengaluru,2024-06-24,1,4123.3,user527@example.com,INR
529,Customer 228,Hyderabad,2024-06-25,3,1765.88,user528@example.com,INR
530,Customer 229,Bengaluru,not recorded,3,3205.76,user529@example.com,INR
531,Customer 230,Chennai,2024-06-25,8,3518.77,user530@example.com,INR
532,Customer 231,Bengaluru,2024-06-26,7,2752.68,user531@example.com,INR
533,Customer 232,Chennai,2024-06-26,7,2959.13,user532@example.com,INR
534,Customer 233,Hyderabad,2024-06-26,3,3267.78,user533@example.com,INR
535,Customer 234  ,Chennai,2024-06-27,-3,2097.82,user534@example.com,INR
536,Customer 235,Mumbai,2024-06-27,4,2750.45,user535@example.com,INR
537,Customer 236,Hyderabad,2024-06-27,4,N/A,user536@example.com,INR
538,Customer 237,Mumbai,2024-06-28,7,2085.25,user537@example.com,INR
539,Customer 238,Chennai,2024-06-28,8,2121.06,,INR
540,Customer 239,Hyderabad,2024-06-28,4,2412.24,user539@example.com,INR
541,Customer 240,Delhi,2024-06-29,2,2589.87,user540@example.com,INR
542,Customer 241,Chennai,2024-06-29,8,2777.82,user541@example.com,INR
543,Customer 242,Hyderabad,2024-06-29,5,1629.45,N/A,INR
544,Customer 243,Bengaluru,2024-06-30,9,3716.07,user543@example.com,INR
545,Customer 244,Bengaluru,2024-06-30,4,3210.12,user544@example.com,INR
546,Customer 245,Delhi,2024-06-30,3,2946.14,user545@example.com,INR
547,Customer 246,Bengaluru,2024-07-01,1,2280.08,user546@example.com,INR
548,Customer 247,Hyderabad,2024-07-01,7,2445.22,user547@example.com,INR
549,Customer 248,Hyderabad,2024-07-01,5,2836.7,user548@example.com,INR
550,Customer 249,Mumbai,2024-07-02,3,2752.86,user549@example.com,INR
551,Customer 250,Mumbai,2024-07-02,5,1467.36,user550@example.com,INR
552,Customer 251,Chennai,2024-07-02,2,2955.57,user551@example.com,INR
553,Customer 252,Delhi,2024-07-03,9,4292.95,user552@example.com,INR
554,Customer 253,Bengaluru,2024-07-03,4,1364.03,user553@example.com,INR
555,Customer 254,Chennai,2024-07-03,3,3111.81,user554@example.com,INR
556,Customer 255,Bengaluru ,2024-07-04,6,2727.1,user555@example.com,INR
557,Customer 256,Bengaluru,2024-07-04,8,2431.35,user556@example.com,INR
558,Customer 257,Chennai,2024-07-04,9,3344.21,user557@example.com,INR
559,Customer 258  ,Delhi,2024-07-05,7,1771.84,,INR
560,Customer 259,Hyderabad,2024-07-05,2,2600.26,,INR
561,Customer 260,Hyderabad,2024-07-05,4,3401.17,user560@example.com,INR
562,Customer 261,Chennai,2024-07-06,7,2378.74,user561@example.com,INR
563,Customer 262,Mumbai,2024-07-06,8,2242.44,user562@example.com,INR
564,Customer 263,Mumbai,2024-07-06,5,2570.79,N/A,INR
565,Customer 264,Chennai,2024-07-07,8,2225.95,user564@example.com,INR
566,Customer 265,Bengaluru,2024-07-07,2,3453.5,user565@example.com,INR
567,Customer 266,Mumbai,2024-07-07,4,1940.89,user566@example.com,INR
568,Customer 267,Delhi,2024-07-08,9,N/A,user567@example.com,INR
569,Customer 268,Hyderabad,2024-07-08,2,1727.99,user568@example.com,INR
570,Customer 269,Chennai,2024-07-08,7,2912.54,user569@example.com,INR
571,Customer 270,Hyderabad,31/02/2024,2,2435.32,user570@example.com,INR
572,Customer 271,Bengaluru,2024-07-09,2,906.9,user571@example.com,INR
573,Customer 272,Mumbai,2024-07-09,2,2496.31,user572@example.com,INR
574,Customer 273,Mumbai,2024-07-10,9,1841.93,user573@example.com,INR
575,Customer 274,Chennai,2024-07-10,9,2225.93,user574@example.com,INR
576,Customer 275,Delhi,2024-07-10,1,3448.93,user575@example.com,INR
577,Customer 276,Mumbai,2024-07-11,7,1810.85,user576@example.com,INR
578,Customer 277,Chennai,2024-07-11,1,1846.03,user577@example.com,INR
579,Customer 278,Chennai,2024-07-11,8,3388.53,user578@example.com,INR
580,Customer 279,Hyderabad,2024-07-12,3,2571.52,user579@example.com,INR
581,Customer 280,Delhi,2024-07-12,1,3450.84,user580@example.com,INR
582,Customer 281,Bengaluru,2024-07-12,9,N/A,user581@example.com,INR
583,Customer 282,Hyderabad,2024-07-13,9,1955.76,user582@example.com,INR
584,Customer 283,Bengaluru,2024-07-13,1,2459.1,user583@example.com,INR
585,Customer 284,Bengaluru,2024-07-13,4,3258.48,user584@example.com,INR
586,Customer 285,Chennai,2024-07-14,9,3080.5,user585@example.com,INR
587,Customer 286,Delhi,2024-07-14,4,2500.55,user586@example.com,INR
588,Customer 287,bangalore,2024-07-14,6,2530.09,user587@example.com,INR
589,Customer 288,Bengaluru,2024-07-15,8,2430.58,user588@example.com,INR
590,Customer 289,Chennai,2024-07-15,1,2143.2,user589@example.com,INR
591,Customer 290,Delhi,2024-07-15,5,3691.53,user590@example.com,INR
592,Customer 291,Hyderabad,2024-07-16,6,2504.44,user591@example.com,INR
593,Customer 292,Chennai,2024-07-16,9,1802.25,user592@example.com,INR
594,Customer 293,Hyderabad,2024-07-16,5,2205.75,user593@example.com,INR
595,Customer 294,Chennai,2024-07-17,8,2948.09,user594@example.com,INR
596,Customer 295,Hyderabad,2024-07-17,6,2895.74,user595@example.com,INR
597,Customer 296,Bengaluru,2024-07-17,4,2415.4,user596@example.com,INR
598,Customer 297,Chennai,2024-07-18,7,2087.65,user597@example.com,INR
599,Customer 298,Chennai,2024-07-18,8,2514.75,user598@example.com,INR
600,Customer 299,Mumbai,31/02/2024,7,1467.59,user599@example.com,INR
601,Customer 0,Mumbai,2024-07-19,6,1696.93,user600@example.com,INR
602,Customer 1,Chennai,2024-07-19,9,2992.84,user601@example.com,INR
603,Customer 2,Bengaluru,2024-07-19,6,2204.34,user602@example.com,INR
604,Customer 3,Bengaluru,2024-07-20,2,2731.29,user603@example.com,INR
605,Customer 4,Bengaluru ,2024-07-20,9,3251.56,user604@example.com,INR
606,Customer 5,Chennai,2024-07-20,8,2900.75,,INR
607,Customer 6,Delhi,2024-07-21,4,2512.71,user606@example.com,INR
608,Customer 7,Chennai,2024-07-21,4,3812.79,user607@example.com,INR
609,Customer 8,Mumbai,2024-07-21,6,2911.9,user608@example.com,INR
610,Customer 9,Chennai,2024-07-22,8,2281.32,user609@example.com,INR
611,Customer 10  ,Mumbai,2024-07-22,7,2951.62,user610@example.com,INR
612,Customer 11,Delhi,2024-07-22,9,2751.61,user611@example.com,INR
613,Customer 12,Bengaluru,2024-07-23,1,1972.01,N/A,INR
614,Customer 13,Mumbai,2024-07-23,9,2545.01,user613@example.com,INR
615,Customer 14,Mumbai,2024-07-23,5,2398.23,user614@example.com,INR
616,Customer 15,Delhi,2024-07-24,3,1287.07,user615@example.com,INR
617,Customer 16,Delhi,2024-07-24,2,2393.65,user616@example.com,INR
618,Customer 17,Bengaluru,2024-07-24,5,2325.37,user617@example.com,INR
619,Customer 18,Mumbai,2024-07-25,3,2229.62,user618@example.com,INR
620,Customer 19,bangalore,2024-07-25,9,1485.34,user619@example.com,INR
621,Customer 20,Delhi,2024-07-25,5,2281.21,user620@example.com,INR
622,Customer 21,Delhi,2024-07-26,9,2475.52,user621@example.com,INR
623,Customer 22,MUMBAI,2024-07-26,7,2562.88,user622@example.com,INR
624,Customer 23,Mumbai,2024-07-26,4,1799.58,user623@example.com,INR
625,Customer 24,bangalore,2024-07-27,4,2890.14,user624@example.com,INR
626,Customer 25,Delhi,2024-07-27,9,1750.2,user625@example.com,INR
627,Customer 26,Bengaluru,2024-07-27,6,2361.98,user626@example.com,INR
628,Customer 27,Chennai,2024-07-28,4,3305.0,user627@example.com,INR
629,Customer 28  ,Chennai,2024-07-28,7,2072.95,user628@example.com,INR
630,Customer 29,Mumbai,2024-07-28,4,2185.0,user629@example.com,INR
631,Customer 30,bangalore,2024-07-29,2,3162.01,user630@example.com,INR
632,Customer 31,Hyderabad,2024-07-29,7,2263.17,user631@example.com,INR
633,Customer 32,Mumbai,2024-07-29,1,2316.85,user632@example.com,INR
634,Customer 33,Hyderabad,2024-07-30,5,"₹1,999",user633@example.com,INR
635,Customer 34,Bengaluru ,2024-07-30,4,3147.05,user634@example.com,INR
636,Customer 35,Mumbai,2024-07-30,5,1141.22,user635@example.com,INR
637,Customer 36,Chennai,2024-07-31,2,1989.3,user636@example.com,INR
638,Customer 37,Bengaluru,2024-07-31,4,1879.05,user637@example.com,INR
639,Customer 38,Bengaluru,2024-07-31,2,1831.35,user638@example.com,INR
640,Customer 39,Chennai,2024-08-01,4,1973.33,user639@example.com,INR
641,Customer 40,Hyderabad,2024-08-01,7,1983.07,user640@example.com,INR
642,Customer 41,Hyderabad,2024-08-01,2,2685.53,user641@example.com,INR
643,Customer 42,Bengaluru,2024-08-02,2,1952.72,user642@example.com,INR
644,Customer 43,Bengaluru,2024-08-02,1,2575.35,user643@example.com,INR
645,Customer 44,Mumbai,2024-08-02,8,2746.85,user644@example.com,INR
646,Customer 45,Chennai,2024-08-03,7,2051.17,user645@example.com,INR
647,Customer 46,Hyderabad,2024-08-03,1,2580.33,user646@example.com,INR
648,Customer 47,Hyderabad,2024-08-03,6,3506.51,user647@example.com,INR
649,Customer 48,MUMBAI,31/02/2024,5,2698.03,user648@example.com,INR
650,Customer 49,Hyderabad,2024-08-04,7,2108.21,,INR
651,Customer 50,Bengaluru ,2024-08-04,4,2460.09,user650@example.com,INR
652,Customer 51,Bengaluru,2024-08-05,8,1937.23,,INR
653,Customer 52,bangalore,2024-08-05,5,2666.28,user652@example.com,INR
654,Customer 53,Bengaluru,2024-08-05,3,3029.47,user653@example.com,INR
655,Customer 54,Chennai,2024-08-06,5,N/A,user654@example.com,INR
656,Customer 55,Hyderabad,2024-08-06,3,2371.63,user655@example.com,INR
657,Customer 56,Bengaluru ,2024-08-06,5,3182.38,user656@example.com,INR
658,Customer 57,Bengaluru,2024-08-07,3,2194.91,user657@example.com,INR
659,Customer 58,Bengaluru,2024-08-07,4,2615.26,user658@example.com,INR
660,Customer 59,Bengaluru,2024-08-07,3,1872.32,user659@example.com,INR
661,Customer 60,Delhi,2024-08-08,5,1997.93,user660@example.com,INR
662,Customer 61,Delhi,2024-08-08,7,2185.92,user661@example.com,INR
663,Customer 62,Hyderabad,2024-08-08,900,3805.79,user662@example.com,INR
664,Customer 63,Delhi,2024-08-09,4,2254.57,user663@example.com,INR
665,Customer 64,Hyderabad,2024-08-09,5,2182.02,user664@example.com,INR
666,Customer 65,Chennai,2024-08-09,3,2162.08,user665@example.com,INR
667,Customer 66,Hyderabad,2024-08-10,3,2400.64,user666@example.com,INR
668,Customer 67,Bengaluru,2024-08-10,6,2893.56,user667@example.com,INR
669,Customer 68,Delhi,2024-08-10,8,2613.69,user668@example.com,INR
670,Customer 69,Hyderabad,2024-08-11,2,3734.69,user669@example.com,INR
671,Customer 70,Chennai,2024-08-11,3,2628.28,user670@example.com,INR
672,Customer 71,Mumbai,2024-08-11,1,3368.44,user671@example.com,INR
673,Customer 72,Hyderabad,2024-08-12,9,2666.03,user672@example.com,INR
674,Customer 73,Chennai,not recorded,7,2863.35,user673@example.com,INR
675,Customer 74,Bengaluru,2024-08-12,2,1633.84,user674@example.com,INR
676,Customer 75,Bengaluru,2024-08-13,7,2423.76,user675@example.com,INR
677,Customer 76,Mumbai,2024-08-13,3,"₹1,999",user676@example.com,INR
678,Customer 77,Delhi,2024-08-13,3,2354.23,user677@example.com,INR
679,Customer 78,Bengaluru,2024-08-14,5,1208.27,user678@example.com,INR
680,Customer 79,Bengaluru,2024-08-14,6,3028.37,user679@example.com,INR
681,Customer 80,Bengaluru,2024-08-14,6,2267.71,user680@example.com,INR
682,Customer 81,Mumbai,2024-08-15,1,2237.16,user681@example.com,INR
683,Customer 82,Mumbai,2024-08-15,7,2346.9,user682@example.com,INR
684,Customer 83,Mumbai,2024-08-15,4,2363.15,user683@example.com,INR
685,Customer 84,Delhi,2024-08-16,9,2744.26,user684@example.com,INR
686,Customer 85,Chennai,2024-08-16,6,1737.38,user685@example.com,INR
687,Customer 86,Mumbai,2024-08-16,9,1941.37,user686@example.com,INR
688,Customer 87,Delhi,2024-08-17,3,N/A,user687@example.com,INR
689,Customer 88,Chennai,2024-08-17,6,N/A,user688@example.com,INR
690,Customer 89,Bengaluru,2024-08-17,4,2274.01,user689@example.com,INR
691,Customer 90,Hyderabad,2024-08-18,8,2155.65,user690@example.com,INR
692,Customer 91,Hyderabad,2024-08-18,6,1999.35,user691@example.com,INR
693,Customer 92,Mumbai,2024-08-18,7,2464.99,user692@example.com,INR
694,Customer 93,Hyderabad,2024-08-19,6,3208.44,user693@example.com,INR
695,Customer 94,Mumbai,2024-08-19,7,1865.17,user694@example.com,INR
696,Customer 95,Hyderabad,2024-08-19,2,3413.99,user695@example.com,INR
697,Customer 96,Chennai,2024-08-20,3,3006.39,user696@example.com,INR
698,Customer 97,Mumbai,2024-08-20,7,2228.22,user697@example.com,INR
699,Customer 98,Bengaluru ,2024-08-20,2,2969.84,user698@example.com,INR
700,Customer 99,Mumbai,2024-08-21,1,1620.46,user699@example.com,INR
701,Customer 100,bangalore,2024-08-21,6,1461.06,user700@example.com,INR
702,Customer 101,Mumbai,2024-08-21,9,1726.13,user701@example.com,INR
703,Customer 102,Delhi,2024-08-22,3,2254.15,user702@example.com,INR
704,Customer 103,Bengaluru,2024-08-22,2,2304.75,user703@example.com,INR
705,Customer 104,Delhi,2024-08-22,7,2190.91,,INR
706,Customer 105,Bengaluru,2024-08-23,3,2559.65,user705@example.com,INR
707,Customer 106,Hyderabad,2024-08-23,7,1218.91,user706@example.com,INR
708,Customer 107,Delhi,2024-08-23,2,2797.21,user707@example.com,INR
709,Customer 108,Hyderabad,2024-08-24,2,1648.42,user708@example.com,INR
710,Customer 109,Bengaluru,2024-08-24,9,2103.49,user709@example.com,INR
711,Customer 110,Bengaluru,2024-08-24,6,2252.29,user710@example.com,INR
712,Customer 111,Bengaluru,2024-08-25,3,1806.27,,INR
713,Customer 112,Delhi,2024-08-25,5,1677.4,user712@example.com,INR
714,Customer 113,Hyderabad,2024-08-25,6,1896.35,user713@example.com,INR
715,Customer 114,Chennai,2024-08-26,1,2492.85,user714@example.com,INR
716,Customer 115,Delhi,2024-08-26,9,2853.99,,INR
717,Customer 116,Hyderabad,2024-08-26,5,2838.54,user716@example.com,INR
718,Customer 117,Bengaluru,2024-08-27,9,1903.31,user717@example.com,INR
719,Customer 118,Bengaluru,2024-08-27,8,2025.05,user718@example.com,INR
720,Customer 119,Chennai,2024-08-27,1,1947.64,user719@example.com,INR
721,Customer 120,MUMBAI,2024-08-28,8,2769.89,user720@example.com,INR
722,Customer 121,Mumbai,2024-08-28,5,1277.55,user721@example.com,INR
723,Customer 122,Mumbai,2024-08-28,8,3243.0,user722@example.com,INR
724,Customer 123,Delhi,2024-08-29,6,2209.12,user723@example.com,INR
725,Customer 124,Chennai,2024-08-29,3,2029.89,user724@example.com,INR
726,Customer 125,Mumbai,2024-08-29,7,2703.67,user725@example.com,INR
727,Customer 126,Hyderabad,2024-08-30,3,3119.57,user726@example.com,INR
728,Customer 127,Delhi,2024-08-30,4,2705.55,user727@example.com,INR
729,Customer 128,Chennai,2024-08-30,6,3131.65,user728@example.com,INR
730,Customer 129,Bengaluru ,2024-08-31,3,2580.62,user729@example.com,INR
731,Customer 130,Delhi,2024-08-31,9,3237.78,user730@example.com,INR
732,Customer 131,Delhi,2024-08-31,1,3247.1,user731@example.com,INR
733,Customer 132,Hyderabad,2024-09-01,4,2440.31,user732@example.com,INR
734,Customer 133,Mumbai,2024-09-01,1,3363.52,user733@example.com,INR
735,Customer 134,Hyderabad,2024-09-01,7,2598.84,user734@example.com,INR
736,Customer 135,Chennai,2024-09-02,5,2552.14,user735@example.com,INR
737,Customer 136  ,Bengaluru,2024-09-02,2,1947.12,user736@example.com,INR
738,Customer 137,Hyderabad,2024-09-02,1,2326.73,user737@example.com,INR
739,Customer 138,Mumbai,2024-09-03,7,2966.55,user738@example.com,INR
740,Customer 139,Bengaluru,2024-09-03,2,1712.41,user739@example.com,INR
741,Customer 140,Mumbai,2024-09-03,8,2889.77,user740@example.com,INR
742,Customer 141,Bengaluru,2024-09-04,3,2709.17,user741@example.com,INR
743,Customer 142,Mumbai,2024-09-04,5,2666.54,user742@example.com,INR
744,Customer 143,bangalore,2024-09-04,1,1176.1,user743@example.com,INR
745,Customer 144,Delhi,2024-09-05,900,2438.05,user744@example.com,INR
746,Customer 145,Hyderabad,2024-09-05,1,2888.96,user745@example.com,INR
747,Customer 146,Hyderabad,2024-09-05,3,2042.23,N/A,INR
748,Customer 147,Hyderabad,2024-09-06,9,2554.18,user747@example.com,INR
749,Customer 148,Mumbai,2024-09-06,9,1073.16,user748@example.com,INR
750,Customer 149,Mumbai,2024-09-06,4,2902.84,N/A,INR
751,Customer 150,Chennai,2024-09-07,9,2102.54,user750@example.com,INR
752,Customer 151,Hyderabad,2024-09-07,2,3022.81,user751@example.com,INR
753,Customer 152,Hyderabad,2024-09-07,6,1394.33,user752@example.com,INR
754,Customer 153,bangalore,2024-09-08,7,2915.36,user753@example.com,INR
755,Customer 154,Chennai,2024-09-08,9,2357.84,,INR
756,Customer 155,Delhi,2024-09-08,1,2984.56,user755@example.com,INR
757,Customer 156,Delhi,2024-09-09,6,1944.57,user756@example.com,INR
758,Customer 157,Bengaluru ,2024-09-09,3,2128.93,user757@example.com,INR
759,Customer 158,Delhi,2024-09-09,4,3845.47,user758@example.com,INR
760,Customer 159,Hyderabad,2024-09-10,9,2002.03,user759@example.com,INR
761,Customer 160  ,Chennai,2024-09-10,6,2076.38,user760@example.com,INR
762,Customer 161,Bengaluru,2024-09-10,9,2334.05,user761@example.com,INR
763,Customer 162,Chennai,2024-09-11,2,"₹1,999",user762@example.com,INR
764,Customer 163,Mumbai,2024-09-11,6,3214.27,user763@example.com,INR
765,Customer 164,MUMBAI,2024-09-11,9,3535.01,user764@example.com,INR
766,Customer 165,Delhi,2024-09-12,1,2077.54,user765@example.com,INR
767,Customer 166,Hyderabad,2024-09-12,8,1464.38,user766@example.com,INR
768,Customer 167,Bengaluru ,2024-09-12,3,3203.19,user767@example.com,INR
769,Customer 168,Delhi,2024-09-13,4,3165.03,user768@example.com,INR
770,Customer 169,Mumbai,not recorded,1,2993.0,user769@example.com,INR
771,Customer 170,Hyderabad,2024-09-13,8,3193.91,user770@example.com,INR
772,Customer 171,Delhi,2024-09-14,2,1979.48,user771@example.com,INR
773,Customer 172,Hyderabad,2024-09-14,-3,2398.9,user772@example.com,INR
774,Customer 173,Hyderabad,2024-09-14,1,1669.53,user773@example.com,INR
775,Customer 174,Bengaluru,2024-09-15,1,1649.1,user774@example.com,INR
776,Customer 175,Chennai,2024-09-15,2,3088.66,user775@example.com,INR
777,Customer 176,Chennai,2024-09-15,7,2096.85,user776@example.com,INR
778,Customer 177  ,Hyderabad,2024-09-16,6,3867.74,user777@example.com,INR
779,Customer 178,Hyderabad,2024-09-16,2,2544.51,user778@example.com,INR
780,Customer 179,Chennai,2024-09-16,1,2115.75,N/A,INR
781,Customer 180,Hyderabad,2024-09-17,3,2978.73,user780@example.com,INR
782,Customer 181,Chennai,2024-09-17,2,3580.76,user781@example.com,INR
783,Customer 182,Mumbai,2024-09-17,7,2791.68,user782@example.com,INR
784,Customer 183,Hyderabad,2024-09-18,9,1769.71,user783@example.com,INR
785,Customer 184,Chennai,2024-09-18,4,2722.6,user784@example.com,INR
786,Customer 185,Chennai,2024-09-18,4,3325.36,user785@example.com,INR
787,Customer 186,Hyderabad,2024-09-19,5,2204.06,user786@example.com,INR
788,Customer 187,Chennai,2024-09-19,3,2035.81,user787@example.com,INR
789,Customer 188,bangalore,2024-09-19,2,3109.87,user788@example.com,INR
790,Customer 189,Mumbai,2024-09-20,1,2583.98,user789@example.com,INR
791,Customer 190,bangalore,2024-09-20,6,1838.47,user790@example.com,INR
792,Customer 191,Bengaluru,31/02/2024,8,N/A,user791@example.com,INR
793,Customer 192,Bengaluru,2024-09-21,5,2046.6,user792@example.com,INR
794,Customer 193,Chennai,2024-09-21,7,2677.76,user793@example.com,INR
795,Customer 194,Chennai,2024-09-21,2,2565.81,user794@example.com,INR
796,Customer 195,Bengaluru,2024-09-22,5,3190.27,user795@example.com,INR
797,Customer 196,Mumbai,2024-09-22,7,2925.8,user796@example.com,INR
798,Customer 197  ,Hyderabad,2024-09-22,6,1561.88,user797@example.com,INR
799,Customer 198,Hyderabad,2024-09-23,1,2744.19,user798@example.com,INR
800,Customer 199,Delhi,2024-09-23,1,3038.16,user799@example.com,INR
801,Customer 200,Hyderabad,2024-09-23,9,2773.53,user800@example.com,INR
802,Customer 201,Mumbai,2024-09-24,3,3118.04,user801@example.com,INR
803,Customer 202,Hyderabad,2024-09-24,3,2170.25,user802@example.com,INR
804,Customer 203,Hyderabad,2024-09-24,6,1929.5,user803@example.com,INR
805,Customer 204,Delhi,2024-09-25,7,3058.04,user804@example.com,INR
806,Customer 205,Bengaluru,2024-09-25,9,1860.72,,INR
807,Customer 206,Mumbai,2024-09-25,7,1204.28,user806@example.com,INR
808,Customer 207,Delhi,2024-09-26,8,3115.18,user807@example.com,INR
809,Customer 208,Mumbai,2024-09-26,9,2065.49,user808@example.com,INR
810,Customer 209  ,Bengaluru,2024-09-26,6,2316.36,user809@example.com,INR
811,Customer 210,Bengaluru,2024-09-27,6,1661.21,user810@example.com,INR
812,Customer 211,Hyderabad,2024-09-27,5,1704.68,user811@example.com,INR
813,Customer 212,Mumbai,2024-09-27,2,N/A,user812@example.com,INR
814,Customer 213,Delhi,2024-09-28,1,2283.61,user813@example.com,INR
815,Customer 214,Delhi,2024-09-28,2,2722.0,user814@example.com,INR
816,Customer 215,Hyderabad,2024-09-28,9,1121.31,user815@example.com,INR
817,Customer 216,Bengaluru,2024-09-29,3,2951.3,user816@example.com,INR
818,Customer 217,Mumbai,2024-09-29,1,1790.8,,INR
819,Customer 218  ,Delhi,2024-09-29,2,1860.21,user818@example.com,INR
820,Customer 219,MUMBAI,2024-09-30,2,2906.71,user819@example.com,INR
821,Customer 220,Delhi,2024-09-30,4,2455.22,user820@example.com,INR
822,Customer 221,Chennai,2024-09-30,7,1578.14,user821@example.com,INR
823,Customer 222,Hyderabad,2024-10-01,8,3606.76,user822@example.com,INR
824,Customer 223,Chennai,2024-10-01,8,1983.63,user823@example.com,INR
825,Customer 224,Hyderabad,2024-10-01,9,2648.39,user824@example.com,INR
826,Customer 225,Hyderabad,2024-10-02,8,2619.93,user825@example.com,INR
827,Customer 226,Mumbai,2024-10-02,3,3346.8,user826@example.com,INR
828,Customer 227,Delhi,2024-10-02,5,2226.6,user827@example.com,INR
829,Customer 228,Mumbai,2024-10-03,6,3104.85,user828@example.com,INR
830,Customer 229,Delhi,2024-10-03,2,2054.87,user829@example.com,INR
831,Customer 230,Bengaluru,2024-10-03,7,3173.28,user830@example.com,INR
832,Customer 231,Chennai,2024-10-04,1,2042.21,user831@example.com,INR
833,Customer 232,Mumbai,2024-10-04,3,2282.67,user832@example.com,INR
834,Customer 233,Hyderabad,2024-10-04,8,3637.58,user833@example.com,INR
835,Customer 234,Chennai,2024-10-05,3,2690.18,user834@example.com,INR
836,Customer 235,Mumbai,2024-10-05,9,2565.86,user835@example.com,INR
837,Customer 236,Delhi,2024-10-05,8,3845.23,user836@example.com,INR
838,Customer 237,Chennai,2024-10-06,3,2716.81,user837@example.com,INR
839,Customer 238,Delhi,2024-10-06,9,2010.32,user838@example.com,INR
840,Customer 239,Mumbai,2024-10-06,8,2940.78,user839@example.com,INR
841,Customer 240,Bengaluru,2024-10-07,9,N/A,,INR
842,Customer 241,Delhi,2024-10-07,4,3176.99,,INR
843,Customer 242,Delhi,2024-10-07,9,3223.59,user842@example.com,INR
844,Customer 243,Chennai,2024-10-08,3,2156.22,user843@example.com,INR
845,Customer 244,Bengaluru,2024-10-08,4,2123.26,user844@example.com,INR
846,Customer 245,Bengaluru,2024-10-08,5,2605.9,,INR
847,Customer 246,Chennai,2024-10-09,4,2508.49,user846@example.com,INR
848,Customer 247,Chennai,2024-10-09,1,1913.39,user847@example.com,INR
849,Customer 248,Chennai,2024-10-09,7,2840.85,user848@example.com,INR
850,Customer 249,Bengaluru,2024-10-10,4,1274.87,,INR
851,Customer 250,Chennai,2024-10-10,8,2240.28,user850@example.com,INR
852,Customer 251,Hyderabad,2024-10-10,2,2257.64,user851@example.com,INR
853,Customer 252,Chennai,2024-10-11,3,N/A,user852@example.com,INR
854,Customer 253,Delhi,2024-10-11,7,2684.33,user853@example.com,INR
855,Customer 254,Delhi,2024-10-11,7,1763.19,user854@example.com,INR
856,Customer 255,Delhi,2024-10-12,5,2853.11,user855@example.com,INR
857,Customer 256,Bengaluru,not recorded,6,2391.91,user856@example.com,INR
858,Customer 257,Chennai,2024-10-12,8,2109.87,,INR
859,Customer 258,Delhi,2024-10-13,8,1679.9,user858@example.com,INR
860,Customer 259,Delhi,2024-10-13,9,1790.13,user859@example.com,INR
861,Customer 260,Hyderabad,2024-10-13,9,2716.19,user860@example.com,INR
862,Customer 261,MUMBAI,2024-10-14,3,1921.69,user861@example.com,INR
863,Customer 262,Hyderabad,2024-10-14,8,N/A,user862@example.com,INR
864,Customer 263,Bengaluru,2024-10-14,3,3137.19,user863@example.com,INR
865,Customer 264,Hyderabad,2024-10-15,8,3119.59,user864@example.com,INR
866,Customer 265,Delhi,2024-10-15,900,3436.24,user865@example.com,INR
867,Customer 266,Delhi,2024-10-15,4,2322.22,user866@example.com,INR
868,Customer 267,Delhi,2024-10-16,5,1848.91,user867@example.com,INR
869,Customer 268,Bengaluru,2024-10-16,2,3112.32,user868@example.com,INR
870,Customer 269,bangalore,2024-10-16,1,2685.76,user869@example.com,INR
871,Customer 270,Chennai,2024-10-17,2,3174.37,user870@example.com,INR
872,Customer 271,Bengaluru,2024-10-17,1,2506.63,user871@example.com,INR
873,Customer 272,Hyderabad,2024-10-17,4,3217.39,user872@example.com,INR
874,Customer 273,Delhi,2024-10-18,9,3007.83,user873@example.com,INR
875,Customer 274,Bengaluru,2024-10-18,7,2929.85,user874@example.com,INR
876,Customer 275,Chennai,2024-10-18,6,2802.11,user875@example.com,INR
877,Customer 276,bangalore,2024-10-19,7,2738.62,user876@example.com,INR
878,Customer 277,Delhi,2024-10-19,1,2639.82,user877@example.com,INR
879,Customer 278,Chennai,2024-10-19,6,2635.54,user878@example.com,INR
880,Customer 279,Bengaluru,2024-10-20,5,3094.12,user879@example.com,INR
881,Customer 280,Chennai,2024-10-20,2,"₹1,999",user880@example.com,INR
882,Customer 281,Delhi,2024-10-20,5,"₹1,999",user881@example.com,INR
883,Customer 282,Mumbai,2024-10-21,6,2436.25,user882@example.com,INR
884,Customer 283,Mumbai,2024-10-21,4,3091.23,user883@example.com,INR
885,Customer 284,Bengaluru,2024-10-21,9,2445.86,user884@example.com,INR
886,Customer 285,Bengaluru,2024-10-22,9,2352.0,user885@example.com,INR
887,Customer 286,Mumbai,31/02/2024,4,N/A,user886@example.com,INR
888,Customer 287,Hyderabad,2024-10-22,9,2314.39,user887@example.com,INR
889,Customer 288,Delhi,2024-10-23,3,1733.67,user888@example.com,INR
890,Customer 289,Bengaluru,2024-10-23,2,2071.55,user889@example.com,INR
891,Customer 290,Chennai,2024-10-23,6,2309.66,user890@example.com,INR
892,Customer 291,Delhi,2024-10-24,2,3793.12,user891@example.com,INR
893,Customer 292,Hyderabad,2024-10-24,3,N/A,user892@example.com,INR
894,Customer 293,Chennai,not recorded,4,3060.83,user893@example.com,INR
895,Customer 294,Hyderabad,2024-10-25,7,1899.04,user894@example.com,INR
896,Customer 295,Chennai,2024-10-25,8,N/A,user895@example.com,INR
897,Customer 296,MUMBAI,2024-10-25,9,2902.89,user896@example.com,INR
898,Customer 297,Delhi,2024-10-26,6,3580.98,user897@example.com,INR
899,Customer 298,Delhi,2024-10-26,9,2082.24,user898@example.com,INR
900,Customer 299,Hyderabad,2024-10-26,7,2862.09,user899@example.com,INR
901,Customer 0,Bengaluru,2024-10-27,8,2681.55,user900@example.com,INR
902,Customer 1,Delhi,2024-10-27,6,1886.97,user901@example.com,INR
903,Customer 2,Hyderabad,2024-10-27,2,2488.33,user902@example.com,INR
904,Customer 3,Chennai,2024-10-28,2,2341.92,user903@example.com,INR
905,Customer 4,Bengaluru,2024-10-28,4,1104.78,user904@example.com,INR
906,Customer 5,Hyderabad,2024-10-28,8,2859.2,user905@example.com,INR
907,Customer 6,Mumbai,31/02/2024,4,2824.15,user906@example.com,INR
908,Customer 7,Chennai,2024-10-29,1,2236.64,user907@example.com,INR
909,Customer 8,Chennai,2024-10-29,4,1696.86,user908@example.com,INR
910,Customer 9,Chennai,2024-10-30,7,3387.93,user909@example.com,INR
911,Customer 10,Delhi,2024-10-30,9,2659.6,user910@example.com,INR
912,Customer 11,Delhi,2024-10-30,2,3110.02,user911@example.com,INR
913,Customer 12,Bengaluru,2024-10-31,3,3346.19,user912@example.com,INR
914,Customer 13,Delhi,2024-10-31,5,2187.46,user913@example.com,INR
915,Customer 14,Mumbai,2024-10-31,5,2987.29,user914@example.com,INR
916,Customer 15,Mumbai,2024-11-01,9,2355.31,user915@example.com,INR
917,Customer 16,MUMBAI,not recorded,4,2462.47,user916@example.com,INR
918,Customer 17,Chennai,2024-11-01,5,2448.63,N/A,INR
919,Customer 18,Hyderabad,2024-11-02,3,2499.21,N/A,INR
920,Customer 19,Mumbai,2024-11-02,1,3168.38,user919@example.com,INR
921,Customer 20,Delhi,2024-11-02,4,2574.3,user920@example.com,INR
922,Customer 21,Delhi,2024-11-03,4,2407.76,user921@example.com,INR
923,Customer 22,Bengaluru,2024-11-03,2,2334.08,user922@example.com,INR
924,Customer 23,Chennai,2024-11-03,6,2704.79,user923@example.com,INR
925,Customer 24,Hyderabad,2024-11-04,3,1963.08,user924@example.com,INR
926,Customer 25,Delhi,2024-11-04,1,2198.4,user925@example.com,INR
927,Customer 26,Bengaluru,2024-11-04,5,2468.63,user926@example.com,INR
928,Customer 27,Mumbai,2024-11-05,3,2160.49,user927@example.com,INR
929,Customer 28,Bengaluru,2024-11-05,7,2428.91,,INR
930,Customer 29,Hyderabad,2024-11-05,1,2133.53,user929@example.com,INR
931,Customer 30,Hyderabad,2024-11-06,7,3702.37,user930@example.com,INR
932,Customer 31,Mumbai,2024-11-06,5,3297.44,user931@example.com,INR
933,Customer 32,Mumbai,2024-11-06,7,2769.97,user932@example.com,INR
934,Customer 33,Hyderabad,2024-11-07,4,2467.83,user933@example.com,INR
935,Customer 34,Bengaluru,2024-11-07,8,3814.46,user934@example.com,INR
936,Customer 35,Chennai,2024-11-07,5,2693.77,user935@example.com,INR
937,Customer 36,Hyderabad,2024-11-08,9,2447.89,user936@example.com,INR
938,Customer 37,Delhi,2024-11-08,3,2681.88,user937@example.com,INR
939,Customer 38,Chennai,2024-11-08,8,2683.57,user938@example.com,INR
940,Customer 39,Chennai,2024-11-09,6,3346.19,user939@example.com,INR
941,Customer 40,Hyderabad,2024-11-09,9,2488.62,,INR
942,Customer 41,Bengaluru,2024-11-09,2,3759.59,user941@example.com,INR
943,Customer 42,Chennai,2024-11-10,5,1970.79,user942@example.com,INR
944,Customer 43,Mumbai,2024-11-10,9,2916.43,user943@example.com,INR
945,Customer 44,Hyderabad,2024-11-10,3,1898.9,user944@example.com,INR
946,Customer 45,Hyderabad,2024-11-11,9,3590.26,user945@example.com,INR
947,Customer 46,Mumbai,2024-11-11,9,2301.66,user946@example.com,INR
948,Customer 47,Delhi,2024-11-11,5,2465.09,N/A,INR
949,Customer 48,bangalore,2024-11-12,7,3054.54,user948@example.com,INR
950,Customer 49,Delhi,2024-11-12,5,3253.2,user949@example.com,INR
951,Customer 50,Hyderabad,2024-11-12,6,1832.87,user950@example.com,INR
952,Customer 51,Chennai,2024-11-13,8,2292.3,user951@example.com,INR
953,Customer 52,Chennai,2024-11-13,7,1663.05,user952@example.com,INR
954,Customer 53,Chennai,2024-11-13,3,2582.38,user953@example.com,INR
955,Customer 54,Mumbai,2024-11-14,6,2439.18,N/A,INR
956,Customer 55,Delhi,2024-11-14,8,2290.64,user955@example.com,INR
957,Customer 56,Mumbai,2024-11-14,6,2089.32,user956@example.com,INR
958,Customer 57,Delhi,2024-11-15,3,2268.46,user957@example.com,INR
959,Customer 58,Bengaluru,2024-11-15,7,2052.16,N/A,INR
960,Customer 59,Bengaluru,2024-11-15,7,2817.38,user959@example.com,INR
961,Customer 60,Mumbai,2024-11-16,6,3409.57,N/A,INR
962,Customer 61,Mumbai,2024-11-16,4,1341.57,user961@example.com,INR
963,Customer 62,Chennai,2024-11-16,6,2430.42,user962@example.com,INR
964,Customer 63,Mumbai,2024-11-17,6,2249.1,user963@example.com,INR
965,Customer 64,Mumbai,2024-11-17,2,2795.42,user964@example.com,INR
966,Customer 65,Delhi,2024-11-17,9,1928.94,user965@example.com,INR
967,Customer 66,Delhi,2024-11-18,6,N/A,user966@example.com,INR
968,Customer 67,Hyderabad,2024-11-18,1,1876.24,user967@example.com,INR
969,Customer 68,Delhi,2024-11-18,3,2918.02,user968@example.com,INR
970,Customer 69,Mumbai,2024-11-19,8,2559.56,user969@example.com,INR
971,Customer 70,Mumbai,2024-11-19,7,"₹1,999",user970@example.com,INR
972,Customer 71,Delhi,not recorded,5,2722.11,,INR
973,Customer 72,Hyderabad,2024-11-20,5,2352.11,,INR
974,Customer 73,Mumbai,2024-11-20,4,1567.71,user973@example.com,INR
975,Customer 74,Mumbai,2024-11-20,9,2857.44,user974@example.com,INR
976,Customer 75,Delhi,2024-11-21,4,2672.96,user975@example.com,INR
977,Customer 76,Chennai,2024-11-21,8,2407.55,user976@example.com,INR
978,Customer 77,Hyderabad,2024-11-21,1,3090.95,user977@example.com,INR
979,Customer 78,MUMBAI,2024-11-22,5,3231.1,user978@example.com,INR
980,Customer 79,Hyderabad,2024-11-22,3,1844.63,user979@example.com,INR
981,Customer 80,Hyderabad,2024-11-22,4,2031.35,user980@example.com,INR
982,Customer 81,Mumbai,2024-11-23,6,3428.37,user981@example.com,INR
983,Customer 82,Mumbai,2024-11-23,1,3351.31,user982@example.com,INR
984,Customer 83,Mumbai,2024-11-23,1,2056.96,user983@example.com,INR
985,Customer 84,Mumbai,2024-11-24,6,1791.57,user984@example.com,INR
986,Customer 85,Hyderabad,2024-11-24,7,2117.46,N/A,INR
987,Customer 86,Mumbai,2024-11-24,1,2201.13,user986@example.com,INR
988,Customer 87,bangalore,2024-11-25,9,1549.56,user987@example.com,INR
989,Customer 88,Hyderabad,2024-11-25,4,2518.7,user988@example.com,INR
990,Customer 89,Chennai,2024-11-25,9,1731.89,user989@example.com,INR
991,Customer 90,Bengaluru,2024-11-26,2,1773.77,user990@example.com,INR
992,Customer 91,Bengaluru,2024-11-26,9,3049.66,user991@example.com,INR
993,Customer 92,Bengaluru ,2024-11-26,6,2090.09,user992@example.com,INR
994,Customer 93,Hyderabad,2024-11-27,8,2457.12,user993@example.com,INR
995,Customer 94,bangalore,2024-11-27,8,2877.46,user994@example.com,INR
996,Customer 95,Mumbai,2024-11-27,2,2987.93,user995@example.com,INR
997,Customer 96,Delhi,2024-11-28,2,2297.79,user996@example.com,INR
998,Customer 97,Delhi,2024-11-28,9,2526.47,user997@example.com,INR
999,Customer 98,Bengaluru,2024-11-28,4,2004.76,user998@example.com,INR
1000,Customer 99,Bengaluru,2024-11-29,2,3548.43,user999@example.com,INR
508,Customer 207,Mumbai,2024-06-18,2,4093.18,user507@example.com,INR
819,Customer 218  ,Delhi,2024-09-29,2,1860.21,user818@example.com,INR
453,Customer 152,Delhi,2024-05-30,6,2667.82,user452@example.com,INR
369,Customer 68,Hyderabad,2024-05-02,7,1388.45,user368@example.com,INR
243,Customer 242,Hyderabad,2024-03-21,3,1587.9,user242@example.com,INR
930,Customer 29,Hyderabad,2024-11-05,1,2133.53,user929@example.com,INR
263,Customer 262,Hyderabad,2024-03-28,2,3366.58,,INR
811,Customer 210,Bengaluru,2024-09-27,6,1661.21,user810@example.com,INR
319,Customer 18,Bengaluru,2024-04-16,5,2379.98,user318@example.com,INR
50,Customer 49,Bengaluru,31/02/2024,5,N/A,user49@example.com,INR
447,Customer 146,Mumbai,2024-05-28,6,2789.83,user446@example.com,INR
143,Customer 142,Bengaluru,2024-02-17,7,1849.46,user142@example.com,INR
969,Customer 68,Delhi,2024-11-18,3,2918.02,user968@example.com,INR
346,Customer 45,Chennai,2024-04-25,2,2517.15,user345@example.com,INR
972,Customer 71,Delhi,not recorded,5,2722.11,,INR
134,Customer 133,Delhi,2024-02-14,2,2391.55,user133@example.com,INR
105,Customer 104,MUMBAI,2024-02-04,5,"₹1,999",user104@example.com,INR
7,Customer 6,Hyderabad,2024-01-03,2,2510.78,user6@example.com,INR
601,Customer 0,Mumbai,2024-07-19,6,1696.93,user600@example.com,INR
497,Customer 196,Chennai,2024-06-14,5,1873.27,user496@example.com,INR
703,Customer 102,Delhi,2024-08-22,3,2254.15,user702@example.com,INR
473,Customer 172,Delhi,2024-06-06,9,3399.61,user472@example.com,INR
599,Customer 298,Chennai,2024-07-18,8,2514.75,user598@example.com,INR
503,Customer 202,Chennai,2024-06-16,6,N/A,user502@example.com,INR
434,Customer 133,Hyderabad,2024-05-24,4,3046.13,user433@example.com,INR
120,Customer 119,Delhi,2024-02-09,2,2681.08,user119@example.com,INR
109,Customer 108,Delhi,2024-02-06,4,2071.25,user108@example.com,INR
648,Customer 47,Hyderabad,2024-08-03,6,3506.51,user647@example.com,INR
590,Customer 289,Chennai,2024-07-15,1,2143.2,user589@example.com,INR
375,Customer 74,Delhi,2024-05-04,4,1601.48,user374@example.com,INR
